rule_name,conf_th,min_hits,cooldown_sec,min_area_ratio,trigger_count,triggers_per_min,detected_ratio,avg_infer_ms,effective_fps
R1_conf0.70_hits1_area0.00_cd0,0.7,1,0,0,746,564.2016806722689,0.3134453781512605,21.361233807411512,46.813775319150295
R2_conf0.70_hits3_area0.00_cd1,0.7,3,1,0,38,28.73949579831933,0.3134453781512605,21.621987599284708,46.249217164155695
R3_conf0.70_hits5_area0.00_cd3,0.7,5,3,0,13,9.831932773109244,0.3134453781512605,24.79017722506483,40.33855792644035
R4_conf0.80_hits5_area0.00_cd3,0.8,5,3,0,9,6.80672268907563,0.19285714285714287,47.57733064539292,21.018413316486335
R5_conf0.70_hits3_area0.01_cd1,0.7,3,1,0.01,11,8.319327731092438,0.08865546218487395,57.454138743777236,17.40518649943749
R6_conf0.70_hits5_area0.01_cd3,0.7,5,3,0.01,4,3.0252100840336134,0.08865546218487395,54.451710837227964,18.36489587975099
R7_conf0.85_hits5_area0.01_cd3,0.85,5,3,0.01,1,0.7563025210084033,0.009663865546218488,63.142523945880534,15.837187643260824
